reference;
2170;
2402;
2406;4630004813229
2408;4630004813236
2410;4630004813243
2412;4630004813250
2415;
2451;4630004813281
C080;
D0440;
D1101;6951159449568
D1303;
D1505;6951159449582
D1801;6951159449599
D3012;6951159449698
D5080;
D7010;6951159449797
D7012;6951159449728
D7042;6951159449506
D7082;6951159449025
D7162;6951159449391
D7164;6951159449520
D7280;6951159449049
D7282;6951159449056
D7368;6951159449742
D7398;6951159449841
D7402;6951159449094
D7550;6951159449131
D7702;6951159449308
D7900;
D7968;6951159449858
D7972;6951159449865
D7982;
D8330;
D8340;6951159449247
D8546;6951159449438
DF 701012019;
DF 701012036;
DF 701012049;2000777871764
DF 702012019;2000777871702
DF 702012025;
DF 702012036;
DF 702012100;
DF 703012025;2000777871733
DF 703012049;
DF701010048;
DF701012020;
DF701012100;
DF701015025;2000777862366
DF702015050;2000777862403
EC170;6951159465766
EC201;6951159460402
EC215;6951159417550
EC230;6951159465674
EC232;6951159465704
EC234;
EC236;6951159465698
EC240;6951159465797
EC331;6951159465780
F11049;
GP475;5907587667655
GP493;5902539150346
GP497/2;5902539150339
GP498;5907587667877
GP498/2;5902539150360
GP510;5903111168179
GP550;5907587667525
GW218-74;5907587667686
GW218-91;5902539150315
GW218-92;5907587667518
GW218-97;5902539151794
GWL-0010;5903111168735
GWL-0012A;5907587667549
GWM5033;5907587667266
K00203;5907587667037
K00204;
K00208;
K0201;5907587667013
K0202-1;
K0202-2;
K0204CE;
MC098;5902539150483
MC107;5907587667914
P1005;5903111168254
P4775;4606005747757
P7012;4606005770120
PC782;
PC844;4600336728447
PC846;
PC861;
PD7048;6951159448554
PD7049;6931092609939
PD7051;6931092609953
PD7061;6931092601490
PD7062;6931092609977
PD7067;6931092610003
PD7068;6931092610010
PRO105-2;
PRO107-1;
PRO108;
R0445;
R09012;
S01002;
SB-13-02;5902539150476
SB-19-03;5907587667259
SB-25-03;5902539150544
SF-398A;5902539151510
SF-398б;
TKF358;
TKF361;
TXB021;5906160210219
TXB022;5906160210226
TXB038;5906160210387
TXB039;
TXB045;
TXB070;5906160210707
TXB071;5906160210714
TXB073;
TXB093;5906160210936
TXB132;
TXB133;
TXB171;5906160211711
TXB172;5906160211728
TXB173;
TXB174;5906160211742
TXB189;5906160211896
TXB205;5906160212053
TXB206;5906160212060
TXB216;5906160212169
TXB271;
TXB280C;5906160212800
TXB284;
TXB293;5906160212930
TXB315;
TXB316;5906160213166
TXB389;5906160213890
TXB394;5906160213944
TXB422;5906160214224
TXB462;5906160214620
TXB497;5906160214972
TXB498;5906160214989
TXB561;
TXB565;5906160215658
TXB592;
TXB603;
TXB644;5906160216440
TXB646;5906160216464
TXB662;
TXB664;
TXB667;
TXB756;5906160217560
TXB801;5906160218017
TXB821;5906160218215
TXB826;5906160218260
TXB827;5906160218277
TXB828;
TXB849;5906160218499
TXB906;5906160219069
TXB908;5906160219083
TXC419;
TXC494;2000000000114
TXC495;2000000000121
TXC842;
TXC861;
TXD484;2000000000077
TXF359;
TXF426;5906160214262
TXF637;
TXF748-ю;
TXF837;
TXF838;
TXM434;
TXP001;
TXP066;
TXP082;
TXP226;
TXP384;
TXP485;
TXP786;
TXR141;
TXR371;5906160213715
TXR606;
YHW009;5906160210141
ю7031;4650099542026
ю7034;4650099542033
ю7037;
ю7100;4650099542088
ю7300;4620007261691
ю7305;4650099541500
ю7306;
ю7309;4620007261776
ю7310;4650099541548
ю7312;4631137309832
ю7313;4620007263350
ю7314;4620007263367
ю7381;4620007266986
ю7382;4620007266993
ю7383;4631137309672
ю7390;4631137309658
ю7408;4631137309733
ю7424;4650099541609
ю7426;4650099542118
ю7433;4631137309702
ю7437;4620007267006
ю7450;4631137309610
ю7503;4650099541692
ю7504;4650099541708
ю7506;4650099541715
ю7508;
ю7515;
ю7515;
ю7519;
ю7527;4650099541746
ю7528;
ю7535;4631137309603
ю7600;4631137310180
ю7601;
ю7602;4631137310173
ю7605;
ю7606;
ю7607;
ю7609;
ю7610;
ю7611;
ю7612;
ю7613;
ю7616;4631137310210
ю7617;4631137310227
ю7618;4631137310142
ю7619;
ю7620;
ю7623;
ю7642;
ю7644;
ю7645;
ю7667;
ю7668;
ю7707;
АПХК40АЕК;
аяй0104608-10-12;
аяй0108110;
аяо0130008;
аяо0204918;
аяо0230010;
аяо0510012;6943388172201
аяо0530012;
аяо0610012;
аяп0203008-12;
аяп0306808-12;
еC238;
ея187;6951159467197
ея200;6951159417468
ея204;6951159417444
ея206;6951159460426
ея208;6951159460433
е-я215;
ея217;
е-я226;4606005172269
ея231;6951159465650
ея233;6951159465728
ея237;
е-я268;4606005172689
ея283;
ея300;
ея301;
ея304;
ея305;
ея307;
ея308;
ея315;
ея330;
е-я350;4606005173501
ея384;6951159467319
ея385;
е-я440;4606005174409
е-я463;4606005174638
ея501;4606005175017
е-я535;
ея550;
ея650;4606005176502
е-я650;
ея662;
е-я680;4606005176809
ея760;
ея768;
ля134;5902539150391
НБЮК31АЕК;
п1030;4606005710300
п1040;4606005710409
п1050;4606005710508
п1060;4606005710607
п1080;4606005710805
п1082;4606005810826
п1084;4606005810840
п1090;4606005710904
п1106;4606005811069
п1202;4606005812028
п1301;4606005813018
п1400;4606005714001
п1600;4606005716005
п1750;4606005717507
п1751;4606005717514
п1752;4606005717521
п1753;4606005717538
п2010;4606005820108
п2300;4606005723003
п2440;4606005724406
п2600;4606005726004
п3010;4606005830107
п3020;4606005830206
п3100;4606005831005
п3110;4606005831104
п3200;4606005832002
п3520;4606005735204
п3530;4606005835300
п4066;4606005740666
п4070;4606005740703
п4110;4606005741106
п4114;4606005741144
п4115;4606005741151
п4120;4606005741205
п4206;4606005742066
п4210;4606005742103
п4213;4606005742134
п4320;4606005743209
п4350;4606005743506
п4512;4606005745128
п4515;4606005745159
п4810;4606005748105
п4830;4606005748303
п4840;4606005748402
п5300;4606005853007
п5310;4606005753109
п5320;4606005753208
п5510;4606005755103
п5512;4606005755127
п5516;4606005755165
п5540;4606005755400
п5541;4606005755417
п5542;4606005755424
п5543;4606005755431
п5602;4606005756025
п5604;4606005756049
п5606;4606005756063
п5720;4606005757206
п5726;4606005757268
п5800;4606005758005
п5950;4606005759507
п6210;4606005762101
п6260;4606005762606
п6290;4606005762903
п6720;4606005767205
п6780;4606005767809
п6820;4606005768202
п7010;4606005770106
п7040;4606005770403
п7042;4606005770427
п7045;4606005770458
п7064;4606005770649
п7065;4606005770656
п7071;4606005770717
п7072;4606005770724
п7130;4606005771301
п7150;4606005771509
п7160;4606005771608
п7165;4606005771653
п7200;4606005772001
п7205;4606005772056
п7210;4606005772100
п7212;4606005772124
п7215;4606005772155
п7220;4606005772209
п7300;4606005773008
п7302;4606005773022
п7311;4606005773114
п7312;4606005773121
п7319;4606005773190
п7321;4606005773213
п7324;4606005773244
п7325;4606005773251
п7326;4606005773268
п7328;4606005773282
п7333;4606005773336
п7340;4606005773404
п7342;4606005773428
п7350;4606005773503
п7360;
п7362;4606005773626
п7380;4606005773800
п7453;4606005774531
п7456;4606005774562
п7460;4606005774609
п7462;4606005774623
п7463;4606005774630
п7468;4606005774685
п7471;4606005774715
п7473;4606005774739
п7482;4606005774821
п7485;4606005774852
п7486;4606005774869
п7491;4606005774913
п7492;4606005774920
п7494;4606005774944
п7500;4606005775002
п7502;4606005775026
п7511;4606005775118
п7512;4606005475124
п7513;4606005775132
п7514;4606005775149
п7525;4606005775255
п7528;4606005775286
п7533;4606005775330
п7534;4606005775347
п7536;4606005775361
п7541;4606005775415
п7543;4606005775439
п7545;4606005775453
п7556;4606005775569
п7563;4606005775637
п7564;4606005775644
п7591;4606005775910
п7592;4606005775927
п7593;4606005775934
п7612;4606005776122
п7690;4606005776900
п7700;4606005777006
п7750;4606005777501
п7808;4606005778089
п7812;4606005778126
п7822;4606005778225
п7832;4606005778324
п7844;4606005778447
п7846;4606005778461
п7904;4606005779048
п7921;4606005779215
п7926;4606005779260
п7951;4606005779512
п7956;4606005779567
п7957;4606005779574
п7961;4606005779611
п7990;4606005779901
п8030;4606005780303
п8160;4606005781607
п8261;4606005782611
п8272;4606005782727
п8275;
п8288;4606005782888
п8301;4606005783014
п8315;4606005783151
п8320;4606005783205
п8323;
п8370;4606005783700
п8380;4606005783809
п8452;4606005784523
п8460;4606005784608
п8463;4606005784639
п8470;
п8478;4606005784783
п8490;4606005784905
п8595;4606005785957
п8605;4606005786053
п8630;4606005786305
п8637;4606005786374
п8641;4606005786411
п8650;
п8700;4606005787005
п8715;4606005787159
п8764;4606005787647
п8770;4606005787708
п8790;4606005787906
п9020;4606005790203
п9033;4606005790333
п9060;4606005790609
п9062;
п9063;4606005790630
п9064;4606005790647
п9100;4606005791002
пй048;
пй050;4606005270507
пй053;
пй073;
пй080;4606005270804
пй8029;
пй8030;
пй8102;
пй8103;
пй8104;
пй8105;
пй8201;
пй8301;
пй8302;
пй8303;
пй8305;
пй8401;
пй8402;
пй8407;
пй8408;
пя018;4600336720182
пя020;4600336720205
пя021;4600336720212
пя024;4600336720243
пя025;4600336720250
пя026;4600336720267
пя027;4600336720274
пя106;4600336721066
пя107;4600336721073
пя108;4600336721080
пя109;4600336721097
пя110;4600336721103
пя111;4600336721110
пя121;4600336721219
пя122;4600336721226
пя123;4600336721233
пя126;4600336721264
пя128;4600336721288
пя130;4600336721301
пя131;4600336721318
пя132;4600336721325
пя133;4600336721332
пя137;4600336721370
пя138;4600336721387
пя140;4600336721400
пя142;4600336721424
пя144;4600336721448
пя148;4600336721486
пя149;4600336721493
пя170;4600336721707
пя171;4600336721714
пя172;4600336721721
пя174;4600336721745
пя220;4600336722209
пя230;4600336722308
пя231;4600336722315
пя240;4600336722407
пя245;4600336722452
пя250;
пя251;4600336722513
пя345;4600336723459
пя347;4600336723473
пя455;4600336724555
пя456;4600336724562
пя459;4600336724593
пя461;4600336724616
пя462;4600336724623
пя463;4600336724630
пя470;4600336724708
пя471;
пя473;4600336724739
пя474;4600336724746
пя475;4600336724753
пя476;4600336724760
пя478;4600336724784
пя479;4600336724791
пя480;4600336724807
пя481;4600336724814
пя484;4600336724845
пя492;4600336724920
пя494;4600336724944
пя500;4600336725002
пя501;4600336725019
пя502;4600336725026
пя503;4600336725033
пя507;4600336725071
пя508;4600336725088
пя511;4600336725118
пя513;
пя514;
пя515;4600336725156
пя516;4600336725163
пя517;4600336725170
пя518;4600336725187
пя519;4600336725194
пя520;4600336725200
пя521;4600336725217
пя522;
пя530;4600336725309
пя531;4600336725316
пя532;4600336725323
пя533;4600336725330
пя534;4600336725347
пя535;4600336725354
пя540;4600336725408
пя541;4600336725415
пя542;4600336725422
пя550;4600336725507
пя551;4600336725514
пя552;4600336725521
пя553;4600336725538
пя554;4600336725545
пя565;4600336725651
пя566;4600336725668
пя604;4600336726047
пя605;4600336726054
пя606;4600336726061
пя608;4600336726085
пя610;4600336726108
пя611;
пя613;4600336726139
пя614;4600336726146
пя615;4600336726153
пя616;4600336726160
пя620;4600336726207
пя621;4600336726214
пя622;4600336726221
пя623;4600336726238
пя625;4600336726252
пя627;4600336726276
пя629;4600336726290
пя640;4600336726405
пя656;4600336726566
пя657;4600336726573
пя659;4600336726597
пя680;4600336726801
пя682;4600336726825
пя684;4600336726849
пя686;4600336726863
пя692;4600336726924
пя702;4600336727020
пя703;
пя704;4600336727044
пя705;4600336727051
пя706;4600336727068
пя707;4600336727075
пя715;4600336727150
пя716;4600336727167
пя717;4600336727174
пя719;4600336727198
пя720;4600336727204
пя722;4600336727228
пя723;4600336727235
пя725;4600336727259
пя726;4600336727266
пя727;4600336727273
пя728;4600336727280
пя741;4600336727419
пя742;4600336727426
пя743;4600336727433
пя781;4600336727815
пя801;4600336728010
пя805;4600336728058
пя806;4600336728065
пя807;4600336728072
пя808;4600336728089
пя809;4600336728096
пя810;4600336728102
пя811;4600336728119
пя818;4600336728188
пя819;4600336728195
пя821;4600336728218
пя822;4600336728225
пя824;4600336728249
пя825;4600336728256
пя828;4600336728287
пя831;4600336728317
пя836;4600336728362
пя837;
пя840;4600336728409
пя871;4600336728713
пя890;4600336728904
пя900;
пя901;4600336729017
пя912;4600336729123
пя914;4600336729147
пя916;4600336729161
пр210;
пр211;
пр303;4630004810112
пр305;4630004810136
пт103;
я039;
я059;
я066;
я068;
я204;
яю470;
яю625;
яб222;6931092607799
яб230;
яб231;
яб240;
яй475;
яй537;6951159458089
япя005;
рп104;4630004811041
рп107;4630004811072
рп108;4630004811089
рп109;4630004811096
рп110;4630004811102
рп111;4630004811119
рп112;4630004811126
рп114;4630004811140
рп115;4630004811157
рп151;4630004811515
рп152;4630004811522
рп153;4630004811539
рп154;4630004811546
рп155;4630004811553
рп156;4630004811560
рп157;4630004811577
рп158;4630004811584
рп160;4630004811607
рп161;
рп162;4630004811621
рп163;4630004811638
рп164;4630004811645
рп705;4630004817050
рп707;4630004817074
рп708;4630004817081
рп709;4630004817098
ря610;4630004815018
ря620;4630004815025
ря630;4630004815032
ря641;4630004815049
ря642;4630004815056
ря643;4630004815759
ря652;4630004815070
ря653;4630004815766
ря661;4630004815087
ря662;4630004815094
ря671;4630004815773
ря681;4630004815780
ря682;4630004815797
ря710;4630004815100
ря720;4630004815117
ря730;4630004815124
ря741;4630004815131
ря742;4630004815148
ря752;4630004815810
ря761;4630004815827
ря831;4630004815162
ря832;4630004815179
ря841;4630004815186
ря842;4630004815193
ря851;4630004815209
ря861;4630004815223
тдф;4607176390599
тдн;4607176390490
тдя;4607176390520
тнф;4607176390476
тнй;
тня;4607176390483
ЖХК40АЕК;
